{"stats":{"minecraft:used":{"minecraft:stone_sword":138,"minecraft:iron_shovel":218,"minecraft:chest":12,"minecraft:shield":17,"minecraft:iron_sword":149,"minecraft:cooked_chicken":4,"minecraft:torch":12,"minecraft:dirt":23,"minecraft:raw_iron_block":1,"minecraft:axolotl_bucket":5,"minecraft:lava_bucket":6,"minecraft:villager_spawn_egg":4,"minecraft:iron_axe":144,"minecraft:oak_sapling":2,"minecraft:furnace":20,"minecraft:cooked_beef":8,"minecraft:cobbled_deepslate":48,"minecraft:calcite":1,"minecraft:cooked_mutton":9,"minecraft:water_bucket":31,"minecraft:diorite":1,"minecraft:stone_pickaxe":130,"minecraft:wooden_pickaxe":17,"minecraft:sugar_cane":3,"minecraft:crafting_table":16,"minecraft:white_bed":3,"minecraft:diamond_pickaxe":13,"minecraft:iron_pickaxe":1020,"minecraft:cobblestone":115,"minecraft:cooked_porkchop":12,"minecraft:andesite":5,"minecraft:bucket":47},"minecraft:custom":{"minecraft:mob_kills":88,"minecraft:interact_with_crafting_table":43,"minecraft:leave_game":14,"minecraft:time_since_death":168513,"minecraft:climb_one_cm":24,"minecraft:sprint_one_cm":275035,"minecraft:walk_one_cm":310527,"minecraft:damage_blocked_by_shield":1073,"minecraft:drop":36,"minecraft:play_time":168513,"minecraft:sneak_time":12503,"minecraft:walk_under_water_one_cm":7285,"minecraft:jump":2786,"minecraft:walk_on_water_one_cm":19541,"minecraft:total_world_time":168513,"minecraft:interact_with_furnace":118,"minecraft:sleep_in_bed":3,"minecraft:time_since_rest":24338,"minecraft:damage_taken":2157,"minecraft:damage_dealt":12597,"minecraft:swim_one_cm":720,"minecraft:fly_one_cm":554469,"minecraft:open_chest":51,"minecraft:crouch_one_cm":41972,"minecraft:fall_one_cm":95719},"minecraft:dropped":{"minecraft:water_bucket":1,"minecraft:iron_sword":1,"minecraft:wheat_seeds":9,"minecraft:cobblestone":26,"minecraft:granite":6,"minecraft:bucket":1,"minecraft:bone":1,"minecraft:gravel":7,"minecraft:cobbled_deepslate":46,"minecraft:tuff":3,"minecraft:birch_sapling":2,"minecraft:chicken":1,"minecraft:rotten_flesh":5,"minecraft:azure_bluet":17,"minecraft:gunpowder":1,"minecraft:andesite":6,"minecraft:oak_sapling":1,"minecraft:spider_eye":2,"minecraft:arrow":1},"minecraft:killed":{"minecraft:witch":1,"minecraft:spider":5,"minecraft:skeleton":19,"minecraft:chicken":9,"minecraft:pig":10,"minecraft:zombie_villager":1,"minecraft:sheep":12,"minecraft:zombie":19,"minecraft:villager":5,"minecraft:cow":5},"minecraft:mined":{"minecraft:large_amethyst_bud":1,"minecraft:tuff":18,"minecraft:white_bed":1,"minecraft:deepslate_diamond_ore":26,"minecraft:obsidian":9,"minecraft:granite":6,"minecraft:budding_amethyst":1,"minecraft:grass_block":89,"minecraft:raw_iron_block":1,"minecraft:furnace":12,"minecraft:iron_ore":111,"minecraft:andesite":11,"minecraft:deepslate_lapis_ore":7,"minecraft:deepslate_iron_ore":122,"minecraft:stone":250,"minecraft:medium_amethyst_bud":1,"minecraft:amethyst_cluster":1,"minecraft:crafting_table":13,"minecraft:torch":1,"minecraft:short_grass":23,"minecraft:calcite":1,"minecraft:melon":7,"minecraft:cobblestone":6,"minecraft:tall_grass":3,"minecraft:deepslate_gold_ore":7,"minecraft:lapis_ore":4,"minecraft:sugar_cane":1,"minecraft:sculk":4,"minecraft:diorite":1,"minecraft:wall_torch":1,"minecraft:amethyst_block":40,"minecraft:birch_log":42,"minecraft:birch_leaves":3,"minecraft:oak_log":101,"minecraft:coal_ore":259,"minecraft:gravel":4,"minecraft:dirt":156,"minecraft:cobweb":1,"minecraft:oak_leaves":15,"minecraft:deepslate":242,"minecraft:fern":1},"minecraft:crafted":{"minecraft:oak_planks":100,"minecraft:cooked_chicken":4,"minecraft:furnace":8,"minecraft:cooked_mutton":19,"minecraft:diamond_leggings":1,"minecraft:iron_boots":1,"minecraft:iron_axe":1,"minecraft:stone_pickaxe":1,"minecraft:chest":12,"minecraft:cooked_beef":8,"minecraft:cooked_porkchop":15,"minecraft:crafting_table":4,"minecraft:wooden_pickaxe":1,"minecraft:iron_helmet":1,"minecraft:iron_sword":1,"minecraft:bucket":6,"minecraft:birch_planks":64,"minecraft:air":0,"minecraft:iron_chestplate":1,"minecraft:diamond_pickaxe":1,"minecraft:shield":1,"minecraft:stick":28,"minecraft:iron_ingot":175,"minecraft:iron_pickaxe":5,"minecraft:stone_sword":1,"minecraft:iron_shovel":3,"minecraft:iron_leggings":1,"minecraft:white_bed":2,"minecraft:torch":8,"minecraft:diamond_chestplate":1},"minecraft:broken":{"minecraft:stone_sword":1,"minecraft:stone_pickaxe":1,"minecraft:iron_pickaxe":4},"minecraft:picked_up":{"minecraft:crafting_table":13,"minecraft:azure_bluet":24,"minecraft:chicken":10,"minecraft:amethyst_block":40,"minecraft:string":9,"minecraft:cobbled_deepslate":230,"minecraft:beef":9,"minecraft:calcite":1,"minecraft:melon_slice":33,"minecraft:sugar_cane":3,"minecraft:birch_sapling":2,"minecraft:furnace":12,"minecraft:raw_iron":254,"minecraft:stick":6,"minecraft:torch":2,"minecraft:porkchop":16,"minecraft:diorite":1,"minecraft:arrow":21,"minecraft:rotten_flesh":7,"minecraft:obsidian":9,"minecraft:mutton":19,"minecraft:white_wool":12,"minecraft:cobblestone":273,"minecraft:birch_log":42,"minecraft:feather":8,"minecraft:andesite":11,"minecraft:leather":2,"minecraft:flint":1,"minecraft:tuff":12,"minecraft:oak_log":102,"minecraft:gunpowder":1,"minecraft:dirt":247,"minecraft:lapis_lazuli":69,"minecraft:bone":12,"minecraft:apple":1,"minecraft:wheat_seeds":13,"minecraft:raw_gold":7,"minecraft:iron_ingot":9,"minecraft:iron_sword":1,"minecraft:cooked_porkchop":3,"minecraft:dandelion":1,"minecraft:raw_iron_block":1,"minecraft:gravel":7,"minecraft:amethyst_shard":4,"minecraft:white_bed":1,"minecraft:spider_eye":2,"minecraft:diamond":26,"minecraft:granite":6,"minecraft:oak_sapling":3,"minecraft:coal":356}},"DataVersion":3700}