{"stats":{"minecraft:used":{"minecraft:diorite":1,"minecraft:stone_sword":110,"minecraft:stone_pickaxe":95,"minecraft:wooden_pickaxe":16,"minecraft:sugar_cane":3,"minecraft:cooked_chicken":4,"minecraft:dirt":7,"minecraft:crafting_table":4,"minecraft:white_bed":1,"minecraft:cobblestone":18,"minecraft:furnace":4,"minecraft:cooked_porkchop":2,"minecraft:andesite":1,"minecraft:cooked_beef":5},"minecraft:custom":{"minecraft:interact_with_furnace":19,"minecraft:mob_kills":44,"minecraft:interact_with_crafting_table":8,"minecraft:leave_game":7,"minecraft:time_since_death":37958,"minecraft:sleep_in_bed":1,"minecraft:time_since_rest":13847,"minecraft:sprint_one_cm":63899,"minecraft:damage_taken":775,"minecraft:walk_one_cm":75955,"minecraft:drop":8,"minecraft:damage_dealt":4867,"minecraft:fly_one_cm":99130,"minecraft:crouch_one_cm":7602,"minecraft:play_time":37958,"minecraft:sneak_time":2295,"minecraft:walk_under_water_one_cm":6540,"minecraft:jump":552,"minecraft:walk_on_water_one_cm":2572,"minecraft:total_world_time":37958,"minecraft:fall_one_cm":14296},"minecraft:dropped":{"minecraft:wheat_seeds":3,"minecraft:birch_sapling":1,"minecraft:chicken":1,"minecraft:gunpowder":1,"minecraft:spider_eye":2,"minecraft:bone":1},"minecraft:killed":{"minecraft:pig":9,"minecraft:witch":1,"minecraft:zombie_villager":1,"minecraft:spider":3,"minecraft:sheep":8,"minecraft:skeleton":5,"minecraft:zombie":2,"minecraft:chicken":8,"minecraft:cow":5},"minecraft:mined":{"minecraft:white_bed":1,"minecraft:crafting_table":4,"minecraft:short_grass":5,"minecraft:grass_block":4,"minecraft:cobblestone":1,"minecraft:tall_grass":3,"minecraft:sugar_cane":1,"minecraft:diorite":1,"minecraft:furnace":4,"minecraft:birch_log":11,"minecraft:iron_ore":18,"minecraft:birch_leaves":2,"minecraft:andesite":1,"minecraft:coal_ore":44,"minecraft:dirt":7,"minecraft:stone":29},"minecraft:crafted":{"minecraft:cooked_beef":8,"minecraft:cooked_porkchop":1,"minecraft:crafting_table":1,"minecraft:wooden_pickaxe":1,"minecraft:cooked_chicken":4,"minecraft:furnace":2,"minecraft:birch_planks":44,"minecraft:cooked_mutton":2,"minecraft:air":0,"minecraft:iron_chestplate":1,"minecraft:stick":8,"minecraft:iron_ingot":14,"minecraft:stone_pickaxe":1,"minecraft:stone_sword":1,"minecraft:white_bed":1},"minecraft:picked_up":{"minecraft:birch_log":11,"minecraft:crafting_table":4,"minecraft:feather":6,"minecraft:chicken":9,"minecraft:andesite":1,"minecraft:leather":2,"minecraft:gunpowder":1,"minecraft:dirt":14,"minecraft:string":6,"minecraft:bone":3,"minecraft:wheat_seeds":3,"minecraft:beef":9,"minecraft:sugar_cane":3,"minecraft:birch_sapling":1,"minecraft:furnace":4,"minecraft:stick":2,"minecraft:raw_iron":17,"minecraft:cooked_porkchop":1,"minecraft:porkchop":16,"minecraft:diorite":1,"minecraft:white_bed":1,"minecraft:spider_eye":2,"minecraft:arrow":6,"minecraft:rotten_flesh":2,"minecraft:mutton":12,"minecraft:coal":111,"minecraft:white_wool":8,"minecraft:cobblestone":40}},"DataVersion":3700}