{"stats":{"minecraft:used":{"minecraft:stone_sword":138,"minecraft:iron_shovel":406,"minecraft:chest":12,"minecraft:shield":17,"minecraft:iron_sword":314,"minecraft:bell":1,"minecraft:cooked_chicken":4,"minecraft:torch":40,"minecraft:dirt":45,"minecraft:raw_iron_block":1,"minecraft:axolotl_bucket":5,"minecraft:lava_bucket":6,"minecraft:villager_spawn_egg":6,"minecraft:iron_axe":162,"minecraft:oak_sapling":2,"minecraft:furnace":20,"minecraft:cooked_beef":8,"minecraft:cobbled_deepslate":48,"minecraft:calcite":1,"minecraft:wheat_seeds":2,"minecraft:cooked_mutton":19,"minecraft:acacia_boat":7,"minecraft:water_bucket":37,"minecraft:diorite":1,"minecraft:stone_pickaxe":130,"minecraft:wooden_pickaxe":17,"minecraft:composter":2,"minecraft:sugar_cane":3,"minecraft:crafting_table":17,"minecraft:white_bed":7,"minecraft:diamond_pickaxe":13,"minecraft:iron_pickaxe":2000,"minecraft:cobblestone":166,"minecraft:cooked_porkchop":14,"minecraft:andesite":5,"minecraft:bucket":53},"minecraft:custom":{"minecraft:mob_kills":154,"minecraft:interact_with_crafting_table":56,"minecraft:bell_ring":8,"minecraft:leave_game":19,"minecraft:time_since_death":244576,"minecraft:climb_one_cm":448,"minecraft:sprint_one_cm":480489,"minecraft:walk_one_cm":454730,"minecraft:damage_blocked_by_shield":1073,"minecraft:drop":56,"minecraft:talked_to_villager":4,"minecraft:play_time":244576,"minecraft:sneak_time":23573,"minecraft:walk_under_water_one_cm":8440,"minecraft:jump":4453,"minecraft:walk_on_water_one_cm":22429,"minecraft:total_world_time":244576,"minecraft:interact_with_furnace":150,"minecraft:interact_with_cartography_table":1,"minecraft:sleep_in_bed":3,"minecraft:time_since_rest":100401,"minecraft:damage_taken":2439,"minecraft:damage_dealt":18678,"minecraft:swim_one_cm":1089,"minecraft:fly_one_cm":1606774,"minecraft:open_chest":84,"minecraft:crouch_one_cm":92320,"minecraft:fall_one_cm":149818},"minecraft:dropped":{"minecraft:water_bucket":1,"minecraft:bread":110,"minecraft:iron_sword":1,"minecraft:wheat_seeds":20,"minecraft:crafting_table":4,"minecraft:cobblestone":26,"minecraft:granite":23,"minecraft:gray_wool":1,"minecraft:string":1,"minecraft:bucket":1,"minecraft:bone":2,"minecraft:gravel":142,"minecraft:cobbled_deepslate":46,"minecraft:tuff":3,"minecraft:birch_sapling":2,"minecraft:chicken":1,"minecraft:rotten_flesh":5,"minecraft:azure_bluet":20,"minecraft:gunpowder":1,"minecraft:andesite":6,"minecraft:melon_seeds":2,"minecraft:oak_sapling":1,"minecraft:spider_eye":2,"minecraft:arrow":4},"minecraft:killed":{"minecraft:witch":1,"minecraft:spider":6,"minecraft:skeleton":21,"minecraft:chicken":22,"minecraft:pig":22,"minecraft:zombie_villager":1,"minecraft:sheep":35,"minecraft:zombie":19,"minecraft:villager":10,"minecraft:cow":13},"minecraft:mined":{"minecraft:large_amethyst_bud":1,"minecraft:tuff":18,"minecraft:white_bed":1,"minecraft:deepslate_diamond_ore":26,"minecraft:obsidian":9,"minecraft:granite":23,"minecraft:budding_amethyst":1,"minecraft:acacia_log":7,"minecraft:grass_block":138,"minecraft:hay_block":15,"minecraft:raw_iron_block":1,"minecraft:furnace":12,"minecraft:iron_ore":111,"minecraft:andesite":11,"minecraft:deepslate_lapis_ore":7,"minecraft:bell":2,"minecraft:deepslate_iron_ore":122,"minecraft:stone":1191,"minecraft:medium_amethyst_bud":1,"minecraft:amethyst_cluster":1,"minecraft:crafting_table":13,"minecraft:torch":1,"minecraft:short_grass":48,"minecraft:calcite":1,"minecraft:melon":7,"minecraft:cobblestone":10,"minecraft:tall_grass":4,"minecraft:deepslate_gold_ore":7,"minecraft:lapis_ore":4,"minecraft:sugar_cane":8,"minecraft:sculk":4,"minecraft:diorite":1,"minecraft:wall_torch":1,"minecraft:amethyst_block":40,"minecraft:birch_log":42,"minecraft:wheat":4,"minecraft:birch_leaves":3,"minecraft:oak_log":110,"minecraft:coal_ore":274,"minecraft:gravel":152,"minecraft:dirt":214,"minecraft:cobweb":1,"minecraft:oak_leaves":17,"minecraft:fern":2,"minecraft:deepslate":242},"minecraft:crafted":{"minecraft:oak_planks":136,"minecraft:cooked_chicken":4,"minecraft:furnace":8,"minecraft:cooked_mutton":19,"minecraft:flint_and_steel":1,"minecraft:iron_boots":1,"minecraft:diamond_leggings":1,"minecraft:iron_axe":1,"minecraft:stone_pickaxe":1,"minecraft:chest":12,"minecraft:wheat":135,"minecraft:cooked_beef":8,"minecraft:cooked_porkchop":35,"minecraft:crafting_table":8,"minecraft:wooden_pickaxe":1,"minecraft:iron_helmet":1,"minecraft:iron_sword":2,"minecraft:bucket":6,"minecraft:birch_planks":64,"minecraft:acacia_boat":5,"minecraft:bread":46,"minecraft:air":0,"minecraft:iron_chestplate":1,"minecraft:diamond_pickaxe":1,"minecraft:shield":1,"minecraft:stick":68,"minecraft:iron_ingot":175,"minecraft:iron_pickaxe":9,"minecraft:stone_sword":1,"minecraft:iron_shovel":3,"minecraft:iron_leggings":1,"minecraft:white_bed":2,"minecraft:acacia_planks":28,"minecraft:torch":36,"minecraft:diamond_chestplate":1},"minecraft:broken":{"minecraft:iron_shovel":1,"minecraft:stone_sword":1,"minecraft:stone_pickaxe":1,"minecraft:iron_sword":1,"minecraft:iron_pickaxe":8},"minecraft:picked_up":{"minecraft:crafting_table":13,"minecraft:wheat":3,"minecraft:azure_bluet":27,"minecraft:chicken":22,"minecraft:amethyst_block":40,"minecraft:string":10,"minecraft:cobbled_deepslate":230,"minecraft:beef":26,"minecraft:calcite":1,"minecraft:melon_slice":33,"minecraft:sugar_cane":21,"minecraft:birch_sapling":2,"minecraft:egg":1,"minecraft:furnace":12,"minecraft:stick":6,"minecraft:raw_iron":254,"minecraft:torch":4,"minecraft:acacia_log":7,"minecraft:porkchop":39,"minecraft:diorite":1,"minecraft:arrow":24,"minecraft:rotten_flesh":7,"minecraft:hay_block":15,"minecraft:mutton":56,"minecraft:obsidian":9,"minecraft:cobblestone":1218,"minecraft:white_wool":35,"minecraft:birch_log":42,"minecraft:feather":24,"minecraft:andesite":11,"minecraft:leather":7,"minecraft:flint":12,"minecraft:tuff":12,"minecraft:oak_log":111,"minecraft:gunpowder":1,"minecraft:acacia_boat":2,"minecraft:dirt":354,"minecraft:lapis_lazuli":69,"minecraft:bone":13,"minecraft:apple":1,"minecraft:wheat_seeds":26,"minecraft:raw_gold":7,"minecraft:bell":2,"minecraft:iron_ingot":9,"minecraft:iron_sword":1,"minecraft:cooked_porkchop":3,"minecraft:dandelion":2,"minecraft:raw_iron_block":1,"minecraft:gravel":142,"minecraft:amethyst_shard":4,"minecraft:white_bed":1,"minecraft:spider_eye":2,"minecraft:diamond":26,"minecraft:granite":23,"minecraft:gray_wool":1,"minecraft:oak_sapling":3,"minecraft:melon_seeds":2,"minecraft:coal":371}},"DataVersion":3700}