{"stats":{"minecraft:used":{"minecraft:stone_sword":138,"minecraft:iron_shovel":370,"minecraft:chest":12,"minecraft:shield":17,"minecraft:iron_sword":262,"minecraft:cooked_chicken":4,"minecraft:torch":40,"minecraft:dirt":45,"minecraft:raw_iron_block":1,"minecraft:axolotl_bucket":5,"minecraft:lava_bucket":6,"minecraft:villager_spawn_egg":4,"minecraft:iron_axe":155,"minecraft:oak_sapling":2,"minecraft:furnace":20,"minecraft:cooked_beef":8,"minecraft:cobbled_deepslate":48,"minecraft:calcite":1,"minecraft:cooked_mutton":19,"minecraft:water_bucket":34,"minecraft:diorite":1,"minecraft:stone_pickaxe":130,"minecraft:wooden_pickaxe":17,"minecraft:sugar_cane":3,"minecraft:crafting_table":17,"minecraft:white_bed":3,"minecraft:diamond_pickaxe":13,"minecraft:iron_pickaxe":1875,"minecraft:cobblestone":165,"minecraft:cooked_porkchop":13,"minecraft:andesite":5,"minecraft:bucket":50},"minecraft:custom":{"minecraft:mob_kills":145,"minecraft:interact_with_crafting_table":52,"minecraft:leave_game":15,"minecraft:time_since_death":218655,"minecraft:climb_one_cm":448,"minecraft:sprint_one_cm":435250,"minecraft:walk_one_cm":422073,"minecraft:damage_blocked_by_shield":1073,"minecraft:drop":41,"minecraft:talked_to_villager":2,"minecraft:play_time":218655,"minecraft:sneak_time":20609,"minecraft:walk_under_water_one_cm":8156,"minecraft:jump":4132,"minecraft:walk_on_water_one_cm":21485,"minecraft:total_world_time":218655,"minecraft:interact_with_furnace":146,"minecraft:interact_with_cartography_table":1,"minecraft:sleep_in_bed":3,"minecraft:time_since_rest":74480,"minecraft:damage_taken":2439,"minecraft:damage_dealt":17318,"minecraft:swim_one_cm":988,"minecraft:fly_one_cm":884488,"minecraft:open_chest":68,"minecraft:crouch_one_cm":81001,"minecraft:fall_one_cm":141046},"minecraft:dropped":{"minecraft:water_bucket":1,"minecraft:iron_sword":1,"minecraft:wheat_seeds":10,"minecraft:crafting_table":4,"minecraft:cobblestone":26,"minecraft:granite":23,"minecraft:gray_wool":1,"minecraft:bucket":1,"minecraft:bone":1,"minecraft:gravel":18,"minecraft:cobbled_deepslate":46,"minecraft:tuff":3,"minecraft:birch_sapling":2,"minecraft:chicken":1,"minecraft:rotten_flesh":5,"minecraft:azure_bluet":17,"minecraft:gunpowder":1,"minecraft:andesite":6,"minecraft:oak_sapling":1,"minecraft:spider_eye":2,"minecraft:arrow":1},"minecraft:killed":{"minecraft:witch":1,"minecraft:spider":6,"minecraft:skeleton":21,"minecraft:chicken":22,"minecraft:pig":20,"minecraft:zombie_villager":1,"minecraft:sheep":33,"minecraft:zombie":19,"minecraft:villager":5,"minecraft:cow":13},"minecraft:mined":{"minecraft:large_amethyst_bud":1,"minecraft:tuff":18,"minecraft:white_bed":1,"minecraft:deepslate_diamond_ore":26,"minecraft:obsidian":9,"minecraft:granite":23,"minecraft:budding_amethyst":1,"minecraft:grass_block":102,"minecraft:raw_iron_block":1,"minecraft:furnace":12,"minecraft:iron_ore":111,"minecraft:andesite":11,"minecraft:deepslate_lapis_ore":7,"minecraft:deepslate_iron_ore":122,"minecraft:stone":1073,"minecraft:medium_amethyst_bud":1,"minecraft:amethyst_cluster":1,"minecraft:crafting_table":13,"minecraft:torch":1,"minecraft:short_grass":28,"minecraft:calcite":1,"minecraft:melon":7,"minecraft:cobblestone":9,"minecraft:tall_grass":3,"minecraft:deepslate_gold_ore":7,"minecraft:lapis_ore":4,"minecraft:sugar_cane":8,"minecraft:sculk":4,"minecraft:diorite":1,"minecraft:wall_torch":1,"minecraft:amethyst_block":40,"minecraft:birch_log":42,"minecraft:birch_leaves":3,"minecraft:oak_log":110,"minecraft:coal_ore":270,"minecraft:gravel":152,"minecraft:dirt":214,"minecraft:cobweb":1,"minecraft:oak_leaves":17,"minecraft:fern":2,"minecraft:deepslate":242},"minecraft:crafted":{"minecraft:oak_planks":136,"minecraft:cooked_chicken":4,"minecraft:furnace":8,"minecraft:cooked_mutton":19,"minecraft:iron_boots":1,"minecraft:diamond_leggings":1,"minecraft:iron_axe":1,"minecraft:stone_pickaxe":1,"minecraft:chest":12,"minecraft:cooked_beef":8,"minecraft:cooked_porkchop":35,"minecraft:crafting_table":8,"minecraft:wooden_pickaxe":1,"minecraft:iron_helmet":1,"minecraft:iron_sword":1,"minecraft:bucket":6,"minecraft:birch_planks":64,"minecraft:air":0,"minecraft:iron_chestplate":1,"minecraft:diamond_pickaxe":1,"minecraft:shield":1,"minecraft:stick":68,"minecraft:iron_ingot":175,"minecraft:iron_pickaxe":8,"minecraft:stone_sword":1,"minecraft:iron_shovel":3,"minecraft:iron_leggings":1,"minecraft:white_bed":2,"minecraft:torch":36,"minecraft:diamond_chestplate":1},"minecraft:broken":{"minecraft:stone_sword":1,"minecraft:stone_pickaxe":1,"minecraft:iron_pickaxe":7},"minecraft:picked_up":{"minecraft:crafting_table":13,"minecraft:azure_bluet":24,"minecraft:chicken":22,"minecraft:amethyst_block":40,"minecraft:string":10,"minecraft:cobbled_deepslate":230,"minecraft:beef":26,"minecraft:calcite":1,"minecraft:melon_slice":33,"minecraft:sugar_cane":21,"minecraft:birch_sapling":2,"minecraft:egg":1,"minecraft:furnace":12,"minecraft:stick":6,"minecraft:raw_iron":254,"minecraft:torch":2,"minecraft:porkchop":36,"minecraft:diorite":1,"minecraft:arrow":24,"minecraft:rotten_flesh":7,"minecraft:obsidian":9,"minecraft:mutton":53,"minecraft:white_wool":33,"minecraft:cobblestone":1099,"minecraft:birch_log":42,"minecraft:feather":24,"minecraft:andesite":11,"minecraft:leather":7,"minecraft:flint":12,"minecraft:tuff":12,"minecraft:oak_log":111,"minecraft:gunpowder":1,"minecraft:dirt":318,"minecraft:lapis_lazuli":69,"minecraft:bone":13,"minecraft:apple":1,"minecraft:wheat_seeds":14,"minecraft:raw_gold":7,"minecraft:iron_ingot":9,"minecraft:iron_sword":1,"minecraft:cooked_porkchop":3,"minecraft:dandelion":1,"minecraft:raw_iron_block":1,"minecraft:gravel":142,"minecraft:amethyst_shard":4,"minecraft:white_bed":1,"minecraft:spider_eye":2,"minecraft:diamond":26,"minecraft:granite":23,"minecraft:gray_wool":1,"minecraft:oak_sapling":3,"minecraft:coal":367}},"DataVersion":3700}