{"stats":{"minecraft:used":{"minecraft:stone_sword":138,"minecraft:iron_shovel":218,"minecraft:chest":12,"minecraft:shield":4,"minecraft:iron_sword":96,"minecraft:cooked_chicken":4,"minecraft:torch":12,"minecraft:dirt":14,"minecraft:raw_iron_block":1,"minecraft:axolotl_bucket":5,"minecraft:lava_bucket":6,"minecraft:villager_spawn_egg":4,"minecraft:iron_axe":142,"minecraft:furnace":20,"minecraft:oak_sapling":2,"minecraft:cooked_beef":8,"minecraft:cobbled_deepslate":48,"minecraft:calcite":1,"minecraft:cooked_mutton":2,"minecraft:water_bucket":26,"minecraft:diorite":1,"minecraft:stone_pickaxe":130,"minecraft:wooden_pickaxe":17,"minecraft:sugar_cane":3,"minecraft:crafting_table":14,"minecraft:white_bed":3,"minecraft:iron_pickaxe":670,"minecraft:cobblestone":84,"minecraft:cooked_porkchop":12,"minecraft:andesite":5,"minecraft:bucket":42},"minecraft:custom":{"minecraft:mob_kills":75,"minecraft:interact_with_crafting_table":39,"minecraft:leave_game":13,"minecraft:time_since_death":142512,"minecraft:climb_one_cm":24,"minecraft:sprint_one_cm":221179,"minecraft:walk_one_cm":262236,"minecraft:damage_blocked_by_shield":214,"minecraft:drop":21,"minecraft:play_time":142512,"minecraft:sneak_time":9624,"minecraft:walk_under_water_one_cm":7139,"minecraft:jump":2288,"minecraft:walk_on_water_one_cm":14478,"minecraft:total_world_time":142512,"minecraft:interact_with_furnace":110,"minecraft:sleep_in_bed":2,"minecraft:time_since_rest":11652,"minecraft:damage_taken":1788,"minecraft:damage_dealt":10014,"minecraft:fly_one_cm":465716,"minecraft:open_chest":43,"minecraft:crouch_one_cm":32592,"minecraft:fall_one_cm":74118},"minecraft:dropped":{"minecraft:water_bucket":1,"minecraft:iron_sword":1,"minecraft:wheat_seeds":7,"minecraft:granite":6,"minecraft:bucket":1,"minecraft:bone":1,"minecraft:cobbled_deepslate":44,"minecraft:tuff":3,"minecraft:birch_sapling":2,"minecraft:chicken":1,"minecraft:rotten_flesh":3,"minecraft:azure_bluet":17,"minecraft:gunpowder":1,"minecraft:oak_sapling":1,"minecraft:spider_eye":2,"minecraft:arrow":1},"minecraft:killed":{"minecraft:witch":1,"minecraft:spider":4,"minecraft:skeleton":11,"minecraft:chicken":9,"minecraft:pig":10,"minecraft:zombie_villager":1,"minecraft:sheep":12,"minecraft:zombie":15,"minecraft:villager":5,"minecraft:cow":5},"minecraft:mined":{"minecraft:large_amethyst_bud":1,"minecraft:tuff":18,"minecraft:white_bed":1,"minecraft:deepslate_diamond_ore":26,"minecraft:granite":6,"minecraft:budding_amethyst":1,"minecraft:grass_block":86,"minecraft:raw_iron_block":1,"minecraft:furnace":12,"minecraft:iron_ore":76,"minecraft:andesite":5,"minecraft:deepslate_lapis_ore":5,"minecraft:deepslate_iron_ore":113,"minecraft:stone":152,"minecraft:medium_amethyst_bud":1,"minecraft:amethyst_cluster":1,"minecraft:crafting_table":11,"minecraft:torch":1,"minecraft:short_grass":23,"minecraft:calcite":1,"minecraft:melon":7,"minecraft:cobblestone":4,"minecraft:tall_grass":3,"minecraft:deepslate_gold_ore":7,"minecraft:lapis_ore":4,"minecraft:sugar_cane":1,"minecraft:diorite":1,"minecraft:wall_torch":1,"minecraft:amethyst_block":40,"minecraft:birch_log":42,"minecraft:birch_leaves":3,"minecraft:coal_ore":76,"minecraft:oak_log":101,"minecraft:dirt":150,"minecraft:oak_leaves":15,"minecraft:deepslate":240,"minecraft:fern":1},"minecraft:crafted":{"minecraft:oak_planks":84,"minecraft:cooked_chicken":4,"minecraft:furnace":8,"minecraft:cooked_mutton":12,"minecraft:iron_boots":1,"minecraft:iron_axe":1,"minecraft:stone_pickaxe":1,"minecraft:chest":12,"minecraft:cooked_beef":8,"minecraft:cooked_porkchop":15,"minecraft:crafting_table":3,"minecraft:wooden_pickaxe":1,"minecraft:iron_helmet":1,"minecraft:iron_sword":1,"minecraft:bucket":6,"minecraft:birch_planks":64,"minecraft:air":0,"minecraft:iron_chestplate":1,"minecraft:shield":1,"minecraft:stick":16,"minecraft:iron_ingot":175,"minecraft:iron_pickaxe":3,"minecraft:stone_sword":1,"minecraft:iron_shovel":3,"minecraft:iron_leggings":1,"minecraft:white_bed":2,"minecraft:torch":8},"minecraft:broken":{"minecraft:stone_sword":1,"minecraft:stone_pickaxe":1,"minecraft:iron_pickaxe":2},"minecraft:picked_up":{"minecraft:crafting_table":11,"minecraft:azure_bluet":24,"minecraft:chicken":10,"minecraft:amethyst_block":40,"minecraft:string":6,"minecraft:cobbled_deepslate":226,"minecraft:beef":9,"minecraft:calcite":1,"minecraft:melon_slice":33,"minecraft:sugar_cane":3,"minecraft:birch_sapling":2,"minecraft:furnace":12,"minecraft:raw_iron":212,"minecraft:stick":6,"minecraft:torch":2,"minecraft:porkchop":16,"minecraft:diorite":1,"minecraft:arrow":10,"minecraft:rotten_flesh":5,"minecraft:mutton":19,"minecraft:white_wool":12,"minecraft:cobblestone":168,"minecraft:birch_log":42,"minecraft:feather":8,"minecraft:andesite":5,"minecraft:leather":2,"minecraft:tuff":12,"minecraft:oak_log":100,"minecraft:gunpowder":1,"minecraft:dirt":238,"minecraft:lapis_lazuli":58,"minecraft:bone":5,"minecraft:apple":1,"minecraft:wheat_seeds":11,"minecraft:raw_gold":7,"minecraft:iron_ingot":9,"minecraft:iron_sword":1,"minecraft:cooked_porkchop":3,"minecraft:dandelion":1,"minecraft:raw_iron_block":1,"minecraft:amethyst_shard":4,"minecraft:white_bed":1,"minecraft:spider_eye":2,"minecraft:diamond":26,"minecraft:granite":6,"minecraft:oak_sapling":3,"minecraft:coal":171}},"DataVersion":3700}