{"stats":{"minecraft:used":{"minecraft:stone_pickaxe":38,"minecraft:chest":2,"minecraft:wooden_pickaxe":15,"minecraft:cooked_chicken":5,"minecraft:white_wool":1,"minecraft:crafting_table":2,"minecraft:white_bed":1,"minecraft:apple":2,"minecraft:iron_axe":134,"minecraft:melon_slice":28,"minecraft:iron_boots":1,"minecraft:pink_bed":5,"minecraft:furnace":2,"minecraft:bucket":1,"minecraft:cooked_beef":5},"minecraft:custom":{"minecraft:interact_with_furnace":25,"minecraft:mob_kills":4,"minecraft:interact_with_crafting_table":9,"minecraft:leave_game":1,"minecraft:time_since_death":55756,"minecraft:sleep_in_bed":2,"minecraft:climb_one_cm":349,"minecraft:time_since_rest":7883,"minecraft:sprint_one_cm":267044,"minecraft:damage_taken":750,"minecraft:walk_one_cm":71057,"minecraft:drop":1,"minecraft:damage_dealt":460,"minecraft:talked_to_villager":1,"minecraft:swim_one_cm":11412,"minecraft:fly_one_cm":519675,"minecraft:open_chest":18,"minecraft:crouch_one_cm":3269,"minecraft:play_time":55756,"minecraft:sneak_time":860,"minecraft:walk_under_water_one_cm":620,"minecraft:jump":2054,"minecraft:walk_on_water_one_cm":7501,"minecraft:total_world_time":55756,"minecraft:fall_one_cm":61291},"minecraft:dropped":{"minecraft:wheat_seeds":1},"minecraft:killed":{"minecraft:cow":4},"minecraft:mined":{"minecraft:white_bed":1,"minecraft:pink_bed":4,"minecraft:lily_of_the_valley":5,"minecraft:crafting_table":1,"minecraft:short_grass":25,"minecraft:grass_block":1,"minecraft:poppy":1,"minecraft:melon":9,"minecraft:tall_grass":7,"minecraft:furnace":2,"minecraft:birch_log":6,"minecraft:iron_ore":6,"minecraft:wheat":1,"minecraft:oak_log":78,"minecraft:coal_ore":29,"minecraft:pink_tulip":9,"minecraft:white_tulip":7,"minecraft:stone":9,"minecraft:oak_leaves":3},"minecraft:crafted":{"minecraft:cooked_beef":6,"minecraft:red_dye":1,"minecraft:oak_planks":56,"minecraft:crafting_table":1,"minecraft:pink_bed":1,"minecraft:wooden_pickaxe":4,"minecraft:cooked_chicken":5,"minecraft:bone_meal":3,"minecraft:birch_planks":24,"minecraft:pink_dye":2,"minecraft:air":0,"minecraft:iron_boots":1,"minecraft:white_dye":1,"minecraft:iron_axe":1,"minecraft:stick":8,"minecraft:iron_ingot":9,"minecraft:stone_pickaxe":1,"minecraft:chest":2,"minecraft:white_bed":1},"minecraft:picked_up":{"minecraft:birch_log":6,"minecraft:crafting_table":1,"minecraft:water_bucket":1,"minecraft:leather":5,"minecraft:oak_log":78,"minecraft:dirt":2,"minecraft:apple":2,"minecraft:wheat_seeds":5,"minecraft:bucket":1,"minecraft:beef":5,"minecraft:white_tulip":7,"minecraft:poppy":1,"minecraft:melon_slice":45,"minecraft:furnace":2,"minecraft:pink_bed":4,"minecraft:stick":4,"minecraft:raw_iron":6,"minecraft:white_bed":1,"minecraft:lily_of_the_valley":5,"minecraft:rotten_flesh":2,"minecraft:pink_tulip":9,"minecraft:oak_sapling":5,"minecraft:coal":47,"minecraft:cobblestone":9}},"DataVersion":3700}